 {
            "total"     :  0.249609E+00,
            "predictor" :  0.258923E-03,
            "block"     :  0.249197E+00,
            "iteration" :  0.248633E+00,
            "sweep"     :[   0.000000E+00,   0.000000E+00]                           ,
            "feval"     :[   0.548363E-04,   0.135899E-03]                           ,
            "fcomp"     :[   0.000000E+00,   0.000000E+00]                           ,
            "residual"  :[   0.000000E+00,   0.000000E+00]                           ,
            "interp"    :[   0.000000E+00,   0.000000E+00]                           ,
            "restrict"  :[   0.000000E+00,   0.000000E+00]                           ,
            "broadcast" :[   0.000000E+00,   0.000000E+00]                           ,
            "receive"   :[   0.000000E+00,   0.247498E+00]                           ,
            "send"      :[   0.000000E+00,   0.245571E-04]                           ,
            "wait"      :[   0.000000E+00,   0.183582E-04]                           ,
            "pack"      :[   0.000000E+00,   0.381470E-05]                           ,
            "unpack"    :[   0.000000E+00,   0.405312E-05]                           ,
            "hooks"     :[   0.417948E-03,   0.277519E-03]                           ,
            "aux"       :[   0.000000E+00,   0.000000E+00]                           ,
 "foo":"0"
 }
