 {
            "total"     :  0.275876E+00,
            "predictor" :  0.323296E-03,
            "block"     :  0.275450E+00,
            "iteration" :  0.274769E+00,
            "sweep"     :[   0.000000E+00,   0.000000E+00]                           ,
            "feval"     :[   0.646114E-04,   0.109112E-01]                           ,
            "fcomp"     :[   0.000000E+00,   0.000000E+00]                           ,
            "residual"  :[   0.000000E+00,   0.000000E+00]                           ,
            "interp"    :[   0.000000E+00,   0.000000E+00]                           ,
            "restrict"  :[   0.000000E+00,   0.000000E+00]                           ,
            "broadcast" :[   0.000000E+00,   0.000000E+00]                           ,
            "receive"   :[   0.000000E+00,   0.262966E+00]                           ,
            "send"      :[   0.000000E+00,   0.977516E-05]                           ,
            "wait"      :[   0.000000E+00,   0.157356E-04]                           ,
            "pack"      :[   0.000000E+00,   0.333786E-05]                           ,
            "unpack"    :[   0.000000E+00,   0.500679E-05]                           ,
            "hooks"     :[   0.442028E-03,   0.332355E-03]                           ,
            "aux"       :[   0.000000E+00,   0.000000E+00]                           ,
 "foo":"0"
 }
