 {
            "total"     :  0.959117E-01,
            "predictor" :  0.216007E-03,
            "block"     :  0.955570E-01,
            "iteration" :  0.950904E-01,
            "sweep"     :[   0.000000E+00,   0.000000E+00]                           ,
            "feval"     :[   0.333786E-04,   0.106573E-03]                           ,
            "fcomp"     :[   0.000000E+00,   0.000000E+00]                           ,
            "residual"  :[   0.000000E+00,   0.000000E+00]                           ,
            "interp"    :[   0.000000E+00,   0.000000E+00]                           ,
            "restrict"  :[   0.000000E+00,   0.000000E+00]                           ,
            "broadcast" :[   0.000000E+00,   0.000000E+00]                           ,
            "receive"   :[   0.000000E+00,   0.941300E-01]                           ,
            "send"      :[   0.000000E+00,   0.200272E-04]                           ,
            "wait"      :[   0.000000E+00,   0.102520E-04]                           ,
            "pack"      :[   0.000000E+00,   0.262260E-05]                           ,
            "unpack"    :[   0.000000E+00,   0.309944E-05]                           ,
            "hooks"     :[   0.317574E-03,   0.275612E-03]                           ,
            "aux"       :[   0.000000E+00,   0.000000E+00]                           ,
 "foo":"0"
 }
