 {
            "total"     :  0.606976E-01,
            "predictor" :  0.157666E-02,
            "block"     :  0.587599E-01,
            "iteration" :  0.523639E-01,
            "sweep"     :[   0.000000E+00,   0.000000E+00]                           ,
            "feval"     :[   0.132775E-02,   0.252771E-02]                           ,
            "fcomp"     :[   0.000000E+00,   0.000000E+00]                           ,
            "residual"  :[   0.000000E+00,   0.000000E+00]                           ,
            "interp"    :[   0.000000E+00,   0.000000E+00]                           ,
            "restrict"  :[   0.000000E+00,   0.000000E+00]                           ,
            "broadcast" :[   0.798702E-04,   0.000000E+00]                           ,
            "receive"   :[   0.000000E+00,   0.353017E-01]                           ,
            "send"      :[   0.000000E+00,   0.000000E+00]                           ,
            "wait"      :[   0.000000E+00,   0.190735E-04]                           ,
            "pack"      :[   0.000000E+00,   0.000000E+00]                           ,
            "unpack"    :[   0.000000E+00,   0.338554E-04]                           ,
            "hooks"     :[   0.164294E-02,   0.124860E-02]                           ,
            "aux"       :[   0.000000E+00,   0.000000E+00]                           ,
 "foo":"0"
 }
