 {
            "total"     :  0.493835E+02,
            "predictor" :  0.185015E+01,
            "block"     :  0.465839E+02,
            "iteration" :  0.192499E+02,
            "sweep"     :[   0.000000E+00,   0.000000E+00]                           ,
            "feval"     :[   0.303859E+01,   0.156792E+02]                           ,
            "fcomp"     :[   0.000000E+00,   0.000000E+00]                           ,
            "residual"  :[   0.000000E+00,   0.000000E+00]                           ,
            "interp"    :[   0.000000E+00,   0.000000E+00]                           ,
            "restrict"  :[   0.000000E+00,   0.000000E+00]                           ,
            "broadcast" :[   0.418039E+00,   0.000000E+00]                           ,
            "receive"   :[   0.000000E+00,   0.000000E+00]                           ,
            "send"      :[   0.000000E+00,   0.907683E-02]                           ,
            "wait"      :[   0.000000E+00,   0.780606E-02]                           ,
            "pack"      :[   0.000000E+00,   0.927448E-02]                           ,
            "unpack"    :[   0.000000E+00,   0.000000E+00]                           ,
            "hooks"     :[   0.223429E+01,   0.208061E+01]                           ,
            "aux"       :[   0.000000E+00,   0.000000E+00]                           ,
 "foo":"0"
 }
