 {
            "total"     :  0.596144E-01,
            "predictor" :  0.599384E-03,
            "block"     :  0.580409E-01,
            "iteration" :  0.936270E-02,
            "sweep"     :[   0.000000E+00,   0.000000E+00]                           ,
            "feval"     :[   0.154734E-03,   0.980854E-03]                           ,
            "fcomp"     :[   0.000000E+00,   0.000000E+00]                           ,
            "residual"  :[   0.000000E+00,   0.000000E+00]                           ,
            "interp"    :[   0.000000E+00,   0.000000E+00]                           ,
            "restrict"  :[   0.000000E+00,   0.000000E+00]                           ,
            "broadcast" :[   0.276566E-03,   0.000000E+00]                           ,
            "receive"   :[   0.000000E+00,   0.115848E-02]                           ,
            "send"      :[   0.000000E+00,   0.283718E-04]                           ,
            "wait"      :[   0.000000E+00,   0.777006E-03]                           ,
            "pack"      :[   0.000000E+00,   0.176430E-04]                           ,
            "unpack"    :[   0.000000E+00,   0.143051E-04]                           ,
            "hooks"     :[   0.137281E-02,   0.124788E-02]                           ,
            "aux"       :[   0.000000E+00,   0.000000E+00]                           ,
 "foo":"0"
 }
