 {
            "total"     :  0.804760E-01,
            "predictor" :  0.128508E-03,
            "block"     :  0.801556E-01,
            "iteration" :  0.794733E-01,
            "sweep"     :[   0.000000E+00,   0.000000E+00]                           ,
            "feval"     :[   0.271797E-04,   0.104666E-03]                           ,
            "fcomp"     :[   0.000000E+00,   0.000000E+00]                           ,
            "residual"  :[   0.000000E+00,   0.000000E+00]                           ,
            "interp"    :[   0.000000E+00,   0.000000E+00]                           ,
            "restrict"  :[   0.000000E+00,   0.000000E+00]                           ,
            "broadcast" :[   0.000000E+00,   0.000000E+00]                           ,
            "receive"   :[   0.000000E+00,   0.466337E-01]                           ,
            "send"      :[   0.000000E+00,   0.178814E-04]                           ,
            "wait"      :[   0.000000E+00,   0.319791E-01]                           ,
            "pack"      :[   0.000000E+00,   0.357628E-05]                           ,
            "unpack"    :[   0.000000E+00,   0.333786E-05]                           ,
            "hooks"     :[   0.642300E-03,   0.222683E-03]                           ,
            "aux"       :[   0.000000E+00,   0.000000E+00]                           ,
 "foo":"0"
 }
