 {
            "total"     :  0.375504E+00,
            "predictor" :  0.613928E-03,
            "block"     :  0.357219E+00,
            "iteration" :  0.353748E+00,
            "sweep"     :[   0.000000E+00,   0.000000E+00]                           ,
            "feval"     :[   0.872612E-04,   0.112534E-03]                           ,
            "fcomp"     :[   0.000000E+00,   0.000000E+00]                           ,
            "residual"  :[   0.000000E+00,   0.000000E+00]                           ,
            "interp"    :[   0.000000E+00,   0.000000E+00]                           ,
            "restrict"  :[   0.000000E+00,   0.000000E+00]                           ,
            "broadcast" :[   0.000000E+00,   0.000000E+00]                           ,
            "receive"   :[   0.000000E+00,   0.336013E+00]                           ,
            "send"      :[   0.000000E+00,   0.905991E-05]                           ,
            "wait"      :[   0.000000E+00,   0.167956E-01]                           ,
            "pack"      :[   0.000000E+00,   0.262260E-05]                           ,
            "unpack"    :[   0.000000E+00,   0.286102E-05]                           ,
            "hooks"     :[   0.231934E-02,   0.188122E-01]                           ,
            "aux"       :[   0.000000E+00,   0.000000E+00]                           ,
 "foo":"0"
 }
