 {
            "total"     :  0.348838E+00,
            "predictor" :  0.493765E-03,
            "block"     :  0.347024E+00,
            "iteration" :  0.346037E+00,
            "sweep"     :[   0.000000E+00,   0.000000E+00]                           ,
            "feval"     :[   0.927448E-04,   0.110149E-03]                           ,
            "fcomp"     :[   0.000000E+00,   0.000000E+00]                           ,
            "residual"  :[   0.000000E+00,   0.000000E+00]                           ,
            "interp"    :[   0.000000E+00,   0.000000E+00]                           ,
            "restrict"  :[   0.000000E+00,   0.000000E+00]                           ,
            "broadcast" :[   0.000000E+00,   0.000000E+00]                           ,
            "receive"   :[   0.000000E+00,   0.345081E+00]                           ,
            "send"      :[   0.000000E+00,   0.107288E-04]                           ,
            "wait"      :[   0.000000E+00,   0.126362E-04]                           ,
            "pack"      :[   0.000000E+00,   0.286102E-05]                           ,
            "unpack"    :[   0.000000E+00,   0.333786E-05]                           ,
            "hooks"     :[   0.922918E-03,   0.137329E-02]                           ,
            "aux"       :[   0.000000E+00,   0.000000E+00]                           ,
 "foo":"0"
 }
