 {
            "total"     :  0.359145E+00,
            "predictor" :  0.408173E-03,
            "block"     :  0.357635E+00,
            "iteration" :  0.356935E+00,
            "sweep"     :[   0.000000E+00,   0.000000E+00]                           ,
            "feval"     :[   0.686646E-04,   0.109196E-03]                           ,
            "fcomp"     :[   0.000000E+00,   0.000000E+00]                           ,
            "residual"  :[   0.000000E+00,   0.000000E+00]                           ,
            "interp"    :[   0.000000E+00,   0.000000E+00]                           ,
            "restrict"  :[   0.000000E+00,   0.000000E+00]                           ,
            "broadcast" :[   0.000000E+00,   0.000000E+00]                           ,
            "receive"   :[   0.000000E+00,   0.334979E+00]                           ,
            "send"      :[   0.000000E+00,   0.197887E-04]                           ,
            "wait"      :[   0.000000E+00,   0.209684E-01]                           ,
            "pack"      :[   0.000000E+00,   0.262260E-05]                           ,
            "unpack"    :[   0.000000E+00,   0.333786E-05]                           ,
            "hooks"     :[   0.133967E-02,   0.451088E-03]                           ,
            "aux"       :[   0.000000E+00,   0.000000E+00]                           ,
 "foo":"0"
 }
