 {
            "total"     :  0.498488E-01,
            "predictor" :  0.945568E-03,
            "block"     :  0.479980E-01,
            "iteration" :  0.370512E-01,
            "sweep"     :[   0.000000E+00,   0.000000E+00]                           ,
            "feval"     :[   0.288725E-03,   0.174046E-02]                           ,
            "fcomp"     :[   0.000000E+00,   0.000000E+00]                           ,
            "residual"  :[   0.000000E+00,   0.000000E+00]                           ,
            "interp"    :[   0.000000E+00,   0.000000E+00]                           ,
            "restrict"  :[   0.000000E+00,   0.000000E+00]                           ,
            "broadcast" :[   0.822544E-04,   0.000000E+00]                           ,
            "receive"   :[   0.000000E+00,   0.132816E-01]                           ,
            "send"      :[   0.000000E+00,   0.507832E-04]                           ,
            "wait"      :[   0.000000E+00,   0.981331E-02]                           ,
            "pack"      :[   0.000000E+00,   0.324249E-04]                           ,
            "unpack"    :[   0.000000E+00,   0.286102E-04]                           ,
            "hooks"     :[   0.158024E-02,   0.135088E-02]                           ,
            "aux"       :[   0.000000E+00,   0.000000E+00]                           ,
 "foo":"0"
 }
