 {
            "total"     :  0.493942E+02,
            "predictor" :  0.101857E+02,
            "block"     :  0.465246E+02,
            "iteration" :  0.277527E+02,
            "sweep"     :[   0.000000E+00,   0.000000E+00]                           ,
            "feval"     :[   0.107620E+02,   0.175077E+02]                           ,
            "fcomp"     :[   0.000000E+00,   0.000000E+00]                           ,
            "residual"  :[   0.000000E+00,   0.000000E+00]                           ,
            "interp"    :[   0.000000E+00,   0.000000E+00]                           ,
            "restrict"  :[   0.000000E+00,   0.000000E+00]                           ,
            "broadcast" :[   0.474186E+00,   0.000000E+00]                           ,
            "receive"   :[   0.000000E+00,   0.635994E+01]                           ,
            "send"      :[   0.000000E+00,   0.634027E-02]                           ,
            "wait"      :[   0.000000E+00,   0.306225E-02]                           ,
            "pack"      :[   0.000000E+00,   0.109909E-01]                           ,
            "unpack"    :[   0.000000E+00,   0.101118E-01]                           ,
            "hooks"     :[   0.224498E+01,   0.216895E+01]                           ,
            "aux"       :[   0.000000E+00,   0.000000E+00]                           ,
 "foo":"0"
 }
