 {
            "total"     :  0.598495E-01,
            "predictor" :  0.745773E-03,
            "block"     :  0.572600E-01,
            "iteration" :  0.349357E-01,
            "sweep"     :[   0.000000E+00,   0.000000E+00]                           ,
            "feval"     :[   0.225067E-03,   0.119400E-02]                           ,
            "fcomp"     :[   0.000000E+00,   0.000000E+00]                           ,
            "residual"  :[   0.000000E+00,   0.000000E+00]                           ,
            "interp"    :[   0.000000E+00,   0.000000E+00]                           ,
            "restrict"  :[   0.000000E+00,   0.000000E+00]                           ,
            "broadcast" :[   0.355482E-03,   0.000000E+00]                           ,
            "receive"   :[   0.000000E+00,   0.982046E-03]                           ,
            "send"      :[   0.000000E+00,   0.433922E-04]                           ,
            "wait"      :[   0.000000E+00,   0.195048E-01]                           ,
            "pack"      :[   0.000000E+00,   0.290871E-04]                           ,
            "unpack"    :[   0.000000E+00,   0.190735E-04]                           ,
            "hooks"     :[   0.329757E-02,   0.154543E-02]                           ,
            "aux"       :[   0.000000E+00,   0.000000E+00]                           ,
 "foo":"0"
 }
