 {
            "total"     :  0.316238E+00,
            "predictor" :  0.402451E-03,
            "block"     :  0.315814E+00,
            "iteration" :  0.315080E+00,
            "sweep"     :[   0.000000E+00,   0.000000E+00]                           ,
            "feval"     :[   0.679493E-04,   0.115395E-03]                           ,
            "fcomp"     :[   0.000000E+00,   0.000000E+00]                           ,
            "residual"  :[   0.000000E+00,   0.000000E+00]                           ,
            "interp"    :[   0.000000E+00,   0.000000E+00]                           ,
            "restrict"  :[   0.000000E+00,   0.000000E+00]                           ,
            "broadcast" :[   0.000000E+00,   0.000000E+00]                           ,
            "receive"   :[   0.000000E+00,   0.280079E+00]                           ,
            "send"      :[   0.000000E+00,   0.145435E-04]                           ,
            "wait"      :[   0.000000E+00,   0.340354E-01]                           ,
            "pack"      :[   0.000000E+00,   0.333786E-05]                           ,
            "unpack"    :[   0.000000E+00,   0.429153E-05]                           ,
            "hooks"     :[   0.417233E-03,   0.329256E-03]                           ,
            "aux"       :[   0.000000E+00,   0.000000E+00]                           ,
 "foo":"0"
 }
