 {
            "total"     :  0.584128E-01,
            "predictor" :  0.409126E-03,
            "block"     :  0.567896E-01,
            "iteration" :  0.466657E-02,
            "sweep"     :[   0.000000E+00,   0.000000E+00]                           ,
            "feval"     :[   0.102758E-03,   0.498295E-03]                           ,
            "fcomp"     :[   0.000000E+00,   0.000000E+00]                           ,
            "residual"  :[   0.000000E+00,   0.000000E+00]                           ,
            "interp"    :[   0.000000E+00,   0.000000E+00]                           ,
            "restrict"  :[   0.000000E+00,   0.000000E+00]                           ,
            "broadcast" :[   0.307083E-03,   0.000000E+00]                           ,
            "receive"   :[   0.000000E+00,   0.736237E-03]                           ,
            "send"      :[   0.000000E+00,   0.152588E-04]                           ,
            "wait"      :[   0.000000E+00,   0.548363E-04]                           ,
            "pack"      :[   0.000000E+00,   0.905991E-05]                           ,
            "unpack"    :[   0.000000E+00,   0.548363E-05]                           ,
            "hooks"     :[   0.158095E-02,   0.117683E-02]                           ,
            "aux"       :[   0.000000E+00,   0.000000E+00]                           ,
 "foo":"0"
 }
