 {
            "total"     :  0.264252E+00,
            "predictor" :  0.236750E-03,
            "block"     :  0.263490E+00,
            "iteration" :  0.262748E+00,
            "sweep"     :[   0.000000E+00,   0.000000E+00]                           ,
            "feval"     :[   0.615120E-04,   0.118732E-03]                           ,
            "fcomp"     :[   0.000000E+00,   0.000000E+00]                           ,
            "residual"  :[   0.000000E+00,   0.000000E+00]                           ,
            "interp"    :[   0.000000E+00,   0.000000E+00]                           ,
            "restrict"  :[   0.000000E+00,   0.000000E+00]                           ,
            "broadcast" :[   0.000000E+00,   0.000000E+00]                           ,
            "receive"   :[   0.000000E+00,   0.261670E+00]                           ,
            "send"      :[   0.000000E+00,   0.171661E-04]                           ,
            "wait"      :[   0.000000E+00,   0.100136E-04]                           ,
            "pack"      :[   0.000000E+00,   0.309944E-05]                           ,
            "unpack"    :[   0.000000E+00,   0.405312E-05]                           ,
            "hooks"     :[   0.727892E-03,   0.529051E-03]                           ,
            "aux"       :[   0.000000E+00,   0.000000E+00]                           ,
 "foo":"0"
 }
