 {
            "total"     :  0.453308E-01,
            "predictor" :  0.443935E-03,
            "block"     :  0.425406E-01,
            "iteration" :  0.497055E-02,
            "sweep"     :[   0.000000E+00,   0.000000E+00]                           ,
            "feval"     :[   0.932217E-04,   0.543118E-03]                           ,
            "fcomp"     :[   0.000000E+00,   0.000000E+00]                           ,
            "residual"  :[   0.000000E+00,   0.000000E+00]                           ,
            "interp"    :[   0.000000E+00,   0.000000E+00]                           ,
            "restrict"  :[   0.000000E+00,   0.000000E+00]                           ,
            "broadcast" :[   0.705719E-04,   0.000000E+00]                           ,
            "receive"   :[   0.000000E+00,   0.279188E-03]                           ,
            "send"      :[   0.000000E+00,   0.190735E-04]                           ,
            "wait"      :[   0.000000E+00,   0.813007E-04]                           ,
            "pack"      :[   0.000000E+00,   0.102520E-04]                           ,
            "unpack"    :[   0.000000E+00,   0.619888E-05]                           ,
            "hooks"     :[   0.263309E-02,   0.261736E-02]                           ,
            "aux"       :[   0.000000E+00,   0.000000E+00]                           ,
 "foo":"0"
 }
