 {
            "total"     :  0.162161E+00,
            "predictor" :  0.214338E-03,
            "block"     :  0.161628E+00,
            "iteration" :  0.161145E+00,
            "sweep"     :[   0.000000E+00,   0.000000E+00]                           ,
            "feval"     :[   0.402927E-04,   0.109911E-03]                           ,
            "fcomp"     :[   0.000000E+00,   0.000000E+00]                           ,
            "residual"  :[   0.000000E+00,   0.000000E+00]                           ,
            "interp"    :[   0.000000E+00,   0.000000E+00]                           ,
            "restrict"  :[   0.000000E+00,   0.000000E+00]                           ,
            "broadcast" :[   0.000000E+00,   0.000000E+00]                           ,
            "receive"   :[   0.000000E+00,   0.160265E+00]                           ,
            "send"      :[   0.000000E+00,   0.102520E-04]                           ,
            "wait"      :[   0.000000E+00,   0.619888E-05]                           ,
            "pack"      :[   0.000000E+00,   0.238419E-05]                           ,
            "unpack"    :[   0.000000E+00,   0.333786E-05]                           ,
            "hooks"     :[   0.459671E-03,   0.329494E-03]                           ,
            "aux"       :[   0.000000E+00,   0.000000E+00]                           ,
 "foo":"0"
 }
