 {
            "total"     :  0.493960E+02,
            "predictor" :  0.139261E+02,
            "block"     :  0.463735E+02,
            "iteration" :  0.299492E+02,
            "sweep"     :[   0.000000E+00,   0.000000E+00]                           ,
            "feval"     :[   0.143138E+02,   0.178944E+02]                           ,
            "fcomp"     :[   0.000000E+00,   0.000000E+00]                           ,
            "residual"  :[   0.000000E+00,   0.000000E+00]                           ,
            "interp"    :[   0.000000E+00,   0.000000E+00]                           ,
            "restrict"  :[   0.000000E+00,   0.000000E+00]                           ,
            "broadcast" :[   0.226009E-01,   0.000000E+00]                           ,
            "receive"   :[   0.000000E+00,   0.798658E+01]                           ,
            "send"      :[   0.000000E+00,   0.000000E+00]                           ,
            "wait"      :[   0.000000E+00,   0.162601E-02]                           ,
            "pack"      :[   0.000000E+00,   0.000000E+00]                           ,
            "unpack"    :[   0.000000E+00,   0.108411E-01]                           ,
            "hooks"     :[   0.239553E+01,   0.229982E+01]                           ,
            "aux"       :[   0.000000E+00,   0.000000E+00]                           ,
 "foo":"0"
 }
