 {
            "total"     :  0.580723E-01,
            "predictor" :  0.321865E-03,
            "block"     :  0.563815E-01,
            "iteration" :  0.194216E-02,
            "sweep"     :[   0.000000E+00,   0.000000E+00]                           ,
            "feval"     :[   0.703335E-04,   0.258684E-03]                           ,
            "fcomp"     :[   0.000000E+00,   0.000000E+00]                           ,
            "residual"  :[   0.000000E+00,   0.000000E+00]                           ,
            "interp"    :[   0.000000E+00,   0.000000E+00]                           ,
            "restrict"  :[   0.000000E+00,   0.000000E+00]                           ,
            "broadcast" :[   0.464678E-03,   0.000000E+00]                           ,
            "receive"   :[   0.000000E+00,   0.000000E+00]                           ,
            "send"      :[   0.000000E+00,   0.221729E-04]                           ,
            "wait"      :[   0.000000E+00,   0.181198E-04]                           ,
            "pack"      :[   0.000000E+00,   0.500679E-05]                           ,
            "unpack"    :[   0.000000E+00,   0.000000E+00]                           ,
            "hooks"     :[   0.199199E-02,   0.139999E-02]                           ,
            "aux"       :[   0.000000E+00,   0.000000E+00]                           ,
 "foo":"0"
 }
