 {
            "total"     :  0.353330E+00,
            "predictor" :  0.205016E-02,
            "block"     :  0.351652E+00,
            "iteration" :  0.349291E+00,
            "sweep"     :[   0.000000E+00,   0.000000E+00]                           ,
            "feval"     :[   0.741482E-04,   0.112772E-03]                           ,
            "fcomp"     :[   0.000000E+00,   0.000000E+00]                           ,
            "residual"  :[   0.000000E+00,   0.000000E+00]                           ,
            "interp"    :[   0.000000E+00,   0.000000E+00]                           ,
            "restrict"  :[   0.000000E+00,   0.000000E+00]                           ,
            "broadcast" :[   0.000000E+00,   0.000000E+00]                           ,
            "receive"   :[   0.000000E+00,   0.348342E+00]                           ,
            "send"      :[   0.000000E+00,   0.154972E-04]                           ,
            "wait"      :[   0.000000E+00,   0.183582E-04]                           ,
            "pack"      :[   0.000000E+00,   0.405312E-05]                           ,
            "unpack"    :[   0.000000E+00,   0.405312E-05]                           ,
            "hooks"     :[   0.152063E-02,   0.457287E-03]                           ,
            "aux"       :[   0.000000E+00,   0.000000E+00]                           ,
 "foo":"0"
 }
