 {
            "total"     :  0.160917E+00,
            "predictor" :  0.173569E-03,
            "block"     :  0.160347E+00,
            "iteration" :  0.159918E+00,
            "sweep"     :[   0.000000E+00,   0.000000E+00]                           ,
            "feval"     :[   0.464916E-04,   0.101566E-03]                           ,
            "fcomp"     :[   0.000000E+00,   0.000000E+00]                           ,
            "residual"  :[   0.000000E+00,   0.000000E+00]                           ,
            "interp"    :[   0.000000E+00,   0.000000E+00]                           ,
            "restrict"  :[   0.000000E+00,   0.000000E+00]                           ,
            "broadcast" :[   0.000000E+00,   0.000000E+00]                           ,
            "receive"   :[   0.000000E+00,   0.158978E+00]                           ,
            "send"      :[   0.000000E+00,   0.290871E-04]                           ,
            "wait"      :[   0.000000E+00,   0.169277E-04]                           ,
            "pack"      :[   0.000000E+00,   0.381470E-05]                           ,
            "unpack"    :[   0.000000E+00,   0.405312E-05]                           ,
            "hooks"     :[   0.488520E-03,   0.327826E-03]                           ,
            "aux"       :[   0.000000E+00,   0.000000E+00]                           ,
 "foo":"0"
 }
