 {
            "total"     :  0.504365E-01,
            "predictor" :  0.720596E-02,
            "block"     :  0.471063E-01,
            "iteration" :  0.330305E-01,
            "sweep"     :[   0.000000E+00,   0.000000E+00]                           ,
            "feval"     :[   0.451326E-03,   0.289607E-02]                           ,
            "fcomp"     :[   0.000000E+00,   0.000000E+00]                           ,
            "residual"  :[   0.000000E+00,   0.000000E+00]                           ,
            "interp"    :[   0.000000E+00,   0.000000E+00]                           ,
            "restrict"  :[   0.000000E+00,   0.000000E+00]                           ,
            "broadcast" :[   0.908375E-04,   0.000000E+00]                           ,
            "receive"   :[   0.000000E+00,   0.963116E-02]                           ,
            "send"      :[   0.000000E+00,   0.000000E+00]                           ,
            "wait"      :[   0.000000E+00,   0.216961E-04]                           ,
            "pack"      :[   0.000000E+00,   0.000000E+00]                           ,
            "unpack"    :[   0.000000E+00,   0.374317E-04]                           ,
            "hooks"     :[   0.610924E-02,   0.329494E-02]                           ,
            "aux"       :[   0.000000E+00,   0.000000E+00]                           ,
 "foo":"0"
 }
