 {
            "total"     :  0.328585E+00,
            "predictor" :  0.437975E-03,
            "block"     :  0.327945E+00,
            "iteration" :  0.327123E+00,
            "sweep"     :[   0.000000E+00,   0.000000E+00]                           ,
            "feval"     :[   0.722408E-04,   0.103474E-03]                           ,
            "fcomp"     :[   0.000000E+00,   0.000000E+00]                           ,
            "residual"  :[   0.000000E+00,   0.000000E+00]                           ,
            "interp"    :[   0.000000E+00,   0.000000E+00]                           ,
            "restrict"  :[   0.000000E+00,   0.000000E+00]                           ,
            "broadcast" :[   0.000000E+00,   0.000000E+00]                           ,
            "receive"   :[   0.000000E+00,   0.326087E+00]                           ,
            "send"      :[   0.000000E+00,   0.326633E-04]                           ,
            "wait"      :[   0.000000E+00,   0.174046E-04]                           ,
            "pack"      :[   0.000000E+00,   0.238419E-05]                           ,
            "unpack"    :[   0.000000E+00,   0.429153E-05]                           ,
            "hooks"     :[   0.631571E-03,   0.380754E-03]                           ,
            "aux"       :[   0.000000E+00,   0.000000E+00]                           ,
 "foo":"0"
 }
