 {
            "total"     :  0.339376E+00,
            "predictor" :  0.429392E-03,
            "block"     :  0.338919E+00,
            "iteration" :  0.338156E+00,
            "sweep"     :[   0.000000E+00,   0.000000E+00]                           ,
            "feval"     :[   0.741482E-04,   0.113487E-03]                           ,
            "fcomp"     :[   0.000000E+00,   0.000000E+00]                           ,
            "residual"  :[   0.000000E+00,   0.000000E+00]                           ,
            "interp"    :[   0.000000E+00,   0.000000E+00]                           ,
            "restrict"  :[   0.000000E+00,   0.000000E+00]                           ,
            "broadcast" :[   0.000000E+00,   0.000000E+00]                           ,
            "receive"   :[   0.000000E+00,   0.304015E+00]                           ,
            "send"      :[   0.000000E+00,   0.107288E-04]                           ,
            "wait"      :[   0.000000E+00,   0.332291E-01]                           ,
            "pack"      :[   0.000000E+00,   0.286102E-05]                           ,
            "unpack"    :[   0.000000E+00,   0.309944E-05]                           ,
            "hooks"     :[   0.451803E-03,   0.329018E-03]                           ,
            "aux"       :[   0.000000E+00,   0.000000E+00]                           ,
 "foo":"0"
 }
