 {
            "total"     :  0.600607E-01,
            "predictor" :  0.817537E-03,
            "block"     :  0.582695E-01,
            "iteration" :  0.432589E-01,
            "sweep"     :[   0.000000E+00,   0.000000E+00]                           ,
            "feval"     :[   0.230551E-03,   0.135779E-02]                           ,
            "fcomp"     :[   0.000000E+00,   0.000000E+00]                           ,
            "residual"  :[   0.000000E+00,   0.000000E+00]                           ,
            "interp"    :[   0.000000E+00,   0.000000E+00]                           ,
            "restrict"  :[   0.000000E+00,   0.000000E+00]                           ,
            "broadcast" :[   0.172853E-03,   0.000000E+00]                           ,
            "receive"   :[   0.000000E+00,   0.296044E-02]                           ,
            "send"      :[   0.000000E+00,   0.946522E-04]                           ,
            "wait"      :[   0.000000E+00,   0.585055E-02]                           ,
            "pack"      :[   0.000000E+00,   0.412464E-04]                           ,
            "unpack"    :[   0.000000E+00,   0.224113E-04]                           ,
            "hooks"     :[   0.153446E-02,   0.138712E-02]                           ,
            "aux"       :[   0.000000E+00,   0.000000E+00]                           ,
 "foo":"0"
 }
