 {
            "total"     :  0.261289E+00,
            "predictor" :  0.325203E-03,
            "block"     :  0.260895E+00,
            "iteration" :  0.260259E+00,
            "sweep"     :[   0.000000E+00,   0.000000E+00]                           ,
            "feval"     :[   0.560284E-04,   0.117302E-03]                           ,
            "fcomp"     :[   0.000000E+00,   0.000000E+00]                           ,
            "residual"  :[   0.000000E+00,   0.000000E+00]                           ,
            "interp"    :[   0.000000E+00,   0.000000E+00]                           ,
            "restrict"  :[   0.000000E+00,   0.000000E+00]                           ,
            "broadcast" :[   0.000000E+00,   0.000000E+00]                           ,
            "receive"   :[   0.000000E+00,   0.257667E+00]                           ,
            "send"      :[   0.000000E+00,   0.457764E-04]                           ,
            "wait"      :[   0.000000E+00,   0.307560E-04]                           ,
            "pack"      :[   0.000000E+00,   0.381470E-05]                           ,
            "unpack"    :[   0.000000E+00,   0.667572E-05]                           ,
            "hooks"     :[   0.394344E-03,   0.302315E-03]                           ,
            "aux"       :[   0.000000E+00,   0.000000E+00]                           ,
 "foo":"0"
 }
