 {
            "total"     :  0.602984E-01,
            "predictor" :  0.150514E-02,
            "block"     :  0.543642E-01,
            "iteration" :  0.466638E-01,
            "sweep"     :[   0.000000E+00,   0.000000E+00]                           ,
            "feval"     :[   0.477552E-03,   0.237870E-02]                           ,
            "fcomp"     :[   0.000000E+00,   0.000000E+00]                           ,
            "residual"  :[   0.000000E+00,   0.000000E+00]                           ,
            "interp"    :[   0.000000E+00,   0.000000E+00]                           ,
            "restrict"  :[   0.000000E+00,   0.000000E+00]                           ,
            "broadcast" :[   0.274181E-03,   0.000000E+00]                           ,
            "receive"   :[   0.000000E+00,   0.115371E-02]                           ,
            "send"      :[   0.000000E+00,   0.605583E-04]                           ,
            "wait"      :[   0.000000E+00,   0.217695E-01]                           ,
            "pack"      :[   0.000000E+00,   0.136518E-02]                           ,
            "unpack"    :[   0.000000E+00,   0.228882E-04]                           ,
            "hooks"     :[   0.479126E-02,   0.534868E-02]                           ,
            "aux"       :[   0.000000E+00,   0.000000E+00]                           ,
 "foo":"0"
 }
