 {
            "total"     :  0.489795E-01,
            "predictor" :  0.582695E-03,
            "block"     :  0.469913E-01,
            "iteration" :  0.142031E-01,
            "sweep"     :[   0.000000E+00,   0.000000E+00]                           ,
            "feval"     :[   0.171900E-03,   0.106311E-02]                           ,
            "fcomp"     :[   0.000000E+00,   0.000000E+00]                           ,
            "residual"  :[   0.000000E+00,   0.000000E+00]                           ,
            "interp"    :[   0.000000E+00,   0.000000E+00]                           ,
            "restrict"  :[   0.000000E+00,   0.000000E+00]                           ,
            "broadcast" :[   0.176907E-03,   0.000000E+00]                           ,
            "receive"   :[   0.000000E+00,   0.454092E-02]                           ,
            "send"      :[   0.000000E+00,   0.314713E-04]                           ,
            "wait"      :[   0.000000E+00,   0.126600E-03]                           ,
            "pack"      :[   0.000000E+00,   0.193119E-04]                           ,
            "unpack"    :[   0.000000E+00,   0.193119E-04]                           ,
            "hooks"     :[   0.367403E-02,   0.140166E-02]                           ,
            "aux"       :[   0.000000E+00,   0.000000E+00]                           ,
 "foo":"0"
 }
