 {
            "total"     :  0.273431E+00,
            "predictor" :  0.271559E-03,
            "block"     :  0.270427E+00,
            "iteration" :  0.269868E+00,
            "sweep"     :[   0.000000E+00,   0.000000E+00]                           ,
            "feval"     :[   0.574589E-04,   0.112057E-03]                           ,
            "fcomp"     :[   0.000000E+00,   0.000000E+00]                           ,
            "residual"  :[   0.000000E+00,   0.000000E+00]                           ,
            "interp"    :[   0.000000E+00,   0.000000E+00]                           ,
            "restrict"  :[   0.000000E+00,   0.000000E+00]                           ,
            "broadcast" :[   0.000000E+00,   0.000000E+00]                           ,
            "receive"   :[   0.000000E+00,   0.242290E+00]                           ,
            "send"      :[   0.000000E+00,   0.233650E-04]                           ,
            "wait"      :[   0.000000E+00,   0.262771E-01]                           ,
            "pack"      :[   0.000000E+00,   0.405312E-05]                           ,
            "unpack"    :[   0.000000E+00,   0.476837E-05]                           ,
            "hooks"     :[   0.283837E-02,   0.443697E-03]                           ,
            "aux"       :[   0.000000E+00,   0.000000E+00]                           ,
 "foo":"0"
 }
