 {
            "total"     :  0.104408E+00,
            "predictor" :  0.127077E-03,
            "block"     :  0.104028E+00,
            "iteration" :  0.103695E+00,
            "sweep"     :[   0.000000E+00,   0.000000E+00]                           ,
            "feval"     :[   0.319481E-04,   0.104666E-03]                           ,
            "fcomp"     :[   0.000000E+00,   0.000000E+00]                           ,
            "residual"  :[   0.000000E+00,   0.000000E+00]                           ,
            "interp"    :[   0.000000E+00,   0.000000E+00]                           ,
            "restrict"  :[   0.000000E+00,   0.000000E+00]                           ,
            "broadcast" :[   0.000000E+00,   0.000000E+00]                           ,
            "receive"   :[   0.000000E+00,   0.666981E-01]                           ,
            "send"      :[   0.000000E+00,   0.190735E-04]                           ,
            "wait"      :[   0.000000E+00,   0.361099E-01]                           ,
            "pack"      :[   0.000000E+00,   0.333786E-05]                           ,
            "unpack"    :[   0.000000E+00,   0.476837E-05]                           ,
            "hooks"     :[   0.324488E-03,   0.251055E-03]                           ,
            "aux"       :[   0.000000E+00,   0.000000E+00]                           ,
 "foo":"0"
 }
