 {
            "total"     :  0.328977E+00,
            "predictor" :  0.483036E-03,
            "block"     :  0.328477E+00,
            "iteration" :  0.327672E+00,
            "sweep"     :[   0.000000E+00,   0.000000E+00]                           ,
            "feval"     :[   0.784397E-04,   0.110149E-03]                           ,
            "fcomp"     :[   0.000000E+00,   0.000000E+00]                           ,
            "residual"  :[   0.000000E+00,   0.000000E+00]                           ,
            "interp"    :[   0.000000E+00,   0.000000E+00]                           ,
            "restrict"  :[   0.000000E+00,   0.000000E+00]                           ,
            "broadcast" :[   0.000000E+00,   0.000000E+00]                           ,
            "receive"   :[   0.000000E+00,   0.326760E+00]                           ,
            "send"      :[   0.000000E+00,   0.195503E-04]                           ,
            "wait"      :[   0.000000E+00,   0.169277E-04]                           ,
            "pack"      :[   0.000000E+00,   0.262260E-05]                           ,
            "unpack"    :[   0.000000E+00,   0.381470E-05]                           ,
            "hooks"     :[   0.451803E-03,   0.363111E-03]                           ,
            "aux"       :[   0.000000E+00,   0.000000E+00]                           ,
 "foo":"0"
 }
