 {
            "total"     :  0.493928E+02,
            "predictor" :  0.855052E+01,
            "block"     :  0.465224E+02,
            "iteration" :  0.273727E+02,
            "sweep"     :[   0.000000E+00,   0.000000E+00]                           ,
            "feval"     :[   0.928921E+01,   0.171568E+02]                           ,
            "fcomp"     :[   0.000000E+00,   0.000000E+00]                           ,
            "residual"  :[   0.000000E+00,   0.000000E+00]                           ,
            "interp"    :[   0.000000E+00,   0.000000E+00]                           ,
            "restrict"  :[   0.000000E+00,   0.000000E+00]                           ,
            "broadcast" :[   0.511530E+00,   0.000000E+00]                           ,
            "receive"   :[   0.000000E+00,   0.628719E+01]                           ,
            "send"      :[   0.000000E+00,   0.614548E-02]                           ,
            "wait"      :[   0.000000E+00,   0.269318E-02]                           ,
            "pack"      :[   0.000000E+00,   0.107434E-01]                           ,
            "unpack"    :[   0.000000E+00,   0.144694E-01]                           ,
            "hooks"     :[   0.223080E+01,   0.213928E+01]                           ,
            "aux"       :[   0.000000E+00,   0.000000E+00]                           ,
 "foo":"0"
 }
