 {
            "total"     :  0.493881E+02,
            "predictor" :  0.565863E+01,
            "block"     :  0.462105E+02,
            "iteration" :  0.248446E+02,
            "sweep"     :[   0.000000E+00,   0.000000E+00]                           ,
            "feval"     :[   0.670042E+01,   0.189416E+02]                           ,
            "fcomp"     :[   0.000000E+00,   0.000000E+00]                           ,
            "residual"  :[   0.000000E+00,   0.000000E+00]                           ,
            "interp"    :[   0.000000E+00,   0.000000E+00]                           ,
            "restrict"  :[   0.000000E+00,   0.000000E+00]                           ,
            "broadcast" :[   0.448558E+00,   0.000000E+00]                           ,
            "receive"   :[   0.000000E+00,   0.163640E+01]                           ,
            "send"      :[   0.000000E+00,   0.682259E-02]                           ,
            "wait"      :[   0.000000E+00,   0.347495E-02]                           ,
            "pack"      :[   0.000000E+00,   0.130341E-01]                           ,
            "unpack"    :[   0.000000E+00,   0.121636E-01]                           ,
            "hooks"     :[   0.244414E+01,   0.235872E+01]                           ,
            "aux"       :[   0.000000E+00,   0.000000E+00]                           ,
 "foo":"0"
 }
