 {
            "total"     :  0.590620E-01,
            "predictor" :  0.505924E-03,
            "block"     :  0.576313E-01,
            "iteration" :  0.735784E-02,
            "sweep"     :[   0.000000E+00,   0.000000E+00]                           ,
            "feval"     :[   0.129461E-03,   0.770807E-03]                           ,
            "fcomp"     :[   0.000000E+00,   0.000000E+00]                           ,
            "residual"  :[   0.000000E+00,   0.000000E+00]                           ,
            "interp"    :[   0.000000E+00,   0.000000E+00]                           ,
            "restrict"  :[   0.000000E+00,   0.000000E+00]                           ,
            "broadcast" :[   0.476837E-03,   0.000000E+00]                           ,
            "receive"   :[   0.000000E+00,   0.113893E-02]                           ,
            "send"      :[   0.000000E+00,   0.200272E-04]                           ,
            "wait"      :[   0.000000E+00,   0.574589E-04]                           ,
            "pack"      :[   0.000000E+00,   0.128746E-04]                           ,
            "unpack"    :[   0.000000E+00,   0.905991E-05]                           ,
            "hooks"     :[   0.127602E-02,   0.111079E-02]                           ,
            "aux"       :[   0.000000E+00,   0.000000E+00]                           ,
 "foo":"0"
 }
