 {
            "total"     :  0.180895E+00,
            "predictor" :  0.231981E-03,
            "block"     :  0.180545E+00,
            "iteration" :  0.180012E+00,
            "sweep"     :[   0.000000E+00,   0.000000E+00]                           ,
            "feval"     :[   0.925064E-04,   0.119448E-03]                           ,
            "fcomp"     :[   0.000000E+00,   0.000000E+00]                           ,
            "residual"  :[   0.000000E+00,   0.000000E+00]                           ,
            "interp"    :[   0.000000E+00,   0.000000E+00]                           ,
            "restrict"  :[   0.000000E+00,   0.000000E+00]                           ,
            "broadcast" :[   0.000000E+00,   0.000000E+00]                           ,
            "receive"   :[   0.000000E+00,   0.178984E+00]                           ,
            "send"      :[   0.000000E+00,   0.209808E-04]                           ,
            "wait"      :[   0.000000E+00,   0.152588E-04]                           ,
            "pack"      :[   0.000000E+00,   0.286102E-05]                           ,
            "unpack"    :[   0.000000E+00,   0.405312E-05]                           ,
            "hooks"     :[   0.379324E-03,   0.260830E-03]                           ,
            "aux"       :[   0.000000E+00,   0.000000E+00]                           ,
 "foo":"0"
 }
