 {
            "total"     :  0.169480E+00,
            "predictor" :  0.154257E-03,
            "block"     :  0.165463E+00,
            "iteration" :  0.164915E+00,
            "sweep"     :[   0.000000E+00,   0.000000E+00]                           ,
            "feval"     :[   0.381470E-04,   0.991821E-04]                           ,
            "fcomp"     :[   0.000000E+00,   0.000000E+00]                           ,
            "residual"  :[   0.000000E+00,   0.000000E+00]                           ,
            "interp"    :[   0.000000E+00,   0.000000E+00]                           ,
            "restrict"  :[   0.000000E+00,   0.000000E+00]                           ,
            "broadcast" :[   0.000000E+00,   0.000000E+00]                           ,
            "receive"   :[   0.000000E+00,   0.164023E+00]                           ,
            "send"      :[   0.000000E+00,   0.171661E-04]                           ,
            "wait"      :[   0.000000E+00,   0.121593E-04]                           ,
            "pack"      :[   0.000000E+00,   0.309944E-05]                           ,
            "unpack"    :[   0.000000E+00,   0.643730E-05]                           ,
            "hooks"     :[   0.677586E-03,   0.372195E-02]                           ,
            "aux"       :[   0.000000E+00,   0.000000E+00]                           ,
 "foo":"0"
 }
