 {
            "total"     :  0.372119E-01,
            "predictor" :  0.142097E-03,
            "block"     :  0.367804E-01,
            "iteration" :  0.364413E-01,
            "sweep"     :[   0.000000E+00,   0.000000E+00]                           ,
            "feval"     :[   0.216961E-04,   0.105858E-03]                           ,
            "fcomp"     :[   0.000000E+00,   0.000000E+00]                           ,
            "residual"  :[   0.000000E+00,   0.000000E+00]                           ,
            "interp"    :[   0.000000E+00,   0.000000E+00]                           ,
            "restrict"  :[   0.000000E+00,   0.000000E+00]                           ,
            "broadcast" :[   0.000000E+00,   0.000000E+00]                           ,
            "receive"   :[   0.000000E+00,   0.209162E-01]                           ,
            "send"      :[   0.000000E+00,   0.100136E-04]                           ,
            "wait"      :[   0.000000E+00,   0.111482E-01]                           ,
            "pack"      :[   0.000000E+00,   0.309944E-05]                           ,
            "unpack"    :[   0.000000E+00,   0.214577E-05]                           ,
            "hooks"     :[   0.401974E-03,   0.215054E-03]                           ,
            "aux"       :[   0.000000E+00,   0.000000E+00]                           ,
 "foo":"0"
 }
