 {
            "total"     :  0.491037E-01,
            "predictor" :  0.685453E-03,
            "block"     :  0.470340E-01,
            "iteration" :  0.291884E-01,
            "sweep"     :[   0.000000E+00,   0.000000E+00]                           ,
            "feval"     :[   0.205517E-03,   0.126290E-02]                           ,
            "fcomp"     :[   0.000000E+00,   0.000000E+00]                           ,
            "residual"  :[   0.000000E+00,   0.000000E+00]                           ,
            "interp"    :[   0.000000E+00,   0.000000E+00]                           ,
            "restrict"  :[   0.000000E+00,   0.000000E+00]                           ,
            "broadcast" :[   0.592232E-03,   0.000000E+00]                           ,
            "receive"   :[   0.000000E+00,   0.110424E-01]                           ,
            "send"      :[   0.000000E+00,   0.631809E-04]                           ,
            "wait"      :[   0.000000E+00,   0.768733E-02]                           ,
            "pack"      :[   0.000000E+00,   0.402927E-04]                           ,
            "unpack"    :[   0.000000E+00,   0.233650E-04]                           ,
            "hooks"     :[   0.200033E-02,   0.154209E-02]                           ,
            "aux"       :[   0.000000E+00,   0.000000E+00]                           ,
 "foo":"0"
 }
