 {
            "total"     :  0.493951E+02,
            "predictor" :  0.121980E+02,
            "block"     :  0.463940E+02,
            "iteration" :  0.282830E+02,
            "sweep"     :[   0.000000E+00,   0.000000E+00]                           ,
            "feval"     :[   0.126764E+02,   0.177221E+02]                           ,
            "fcomp"     :[   0.000000E+00,   0.000000E+00]                           ,
            "residual"  :[   0.000000E+00,   0.000000E+00]                           ,
            "interp"    :[   0.000000E+00,   0.000000E+00]                           ,
            "restrict"  :[   0.000000E+00,   0.000000E+00]                           ,
            "broadcast" :[   0.476614E+00,   0.000000E+00]                           ,
            "receive"   :[   0.000000E+00,   0.652149E+01]                           ,
            "send"      :[   0.000000E+00,   0.625610E-02]                           ,
            "wait"      :[   0.000000E+00,   0.342131E-02]                           ,
            "pack"      :[   0.000000E+00,   0.108535E-01]                           ,
            "unpack"    :[   0.000000E+00,   0.123332E-01]                           ,
            "hooks"     :[   0.238528E+01,   0.221941E+01]                           ,
            "aux"       :[   0.000000E+00,   0.000000E+00]                           ,
 "foo":"0"
 }
