 {
            "total"     :  0.493872E+02,
            "predictor" :  0.370135E+01,
            "block"     :  0.464431E+02,
            "iteration" :  0.219715E+02,
            "sweep"     :[   0.000000E+00,   0.000000E+00]                           ,
            "feval"     :[   0.490040E+01,   0.175902E+02]                           ,
            "fcomp"     :[   0.000000E+00,   0.000000E+00]                           ,
            "residual"  :[   0.000000E+00,   0.000000E+00]                           ,
            "interp"    :[   0.000000E+00,   0.000000E+00]                           ,
            "restrict"  :[   0.000000E+00,   0.000000E+00]                           ,
            "broadcast" :[   0.393821E+00,   0.000000E+00]                           ,
            "receive"   :[   0.000000E+00,   0.368121E+00]                           ,
            "send"      :[   0.000000E+00,   0.118222E-01]                           ,
            "wait"      :[   0.000000E+00,   0.347471E-02]                           ,
            "pack"      :[   0.000000E+00,   0.125840E-01]                           ,
            "unpack"    :[   0.000000E+00,   0.965476E-02]                           ,
            "hooks"     :[   0.228154E+01,   0.220959E+01]                           ,
            "aux"       :[   0.000000E+00,   0.000000E+00]                           ,
 "foo":"0"
 }
