 {
            "total"     :  0.484812E-01,
            "predictor" :  0.495434E-03,
            "block"     :  0.460012E-01,
            "iteration" :  0.160756E-01,
            "sweep"     :[   0.000000E+00,   0.000000E+00]                           ,
            "feval"     :[   0.141621E-03,   0.789404E-03]                           ,
            "fcomp"     :[   0.000000E+00,   0.000000E+00]                           ,
            "residual"  :[   0.000000E+00,   0.000000E+00]                           ,
            "interp"    :[   0.000000E+00,   0.000000E+00]                           ,
            "restrict"  :[   0.000000E+00,   0.000000E+00]                           ,
            "broadcast" :[   0.901222E-04,   0.000000E+00]                           ,
            "receive"   :[   0.000000E+00,   0.352836E-02]                           ,
            "send"      :[   0.000000E+00,   0.455379E-04]                           ,
            "wait"      :[   0.000000E+00,   0.558281E-02]                           ,
            "pack"      :[   0.000000E+00,   0.169277E-04]                           ,
            "unpack"    :[   0.000000E+00,   0.114441E-04]                           ,
            "hooks"     :[   0.271010E-02,   0.153399E-02]                           ,
            "aux"       :[   0.000000E+00,   0.000000E+00]                           ,
 "foo":"0"
 }
