 {
            "total"     :  0.463159E-01,
            "predictor" :  0.274658E-03,
            "block"     :  0.445137E-01,
            "iteration" :  0.205636E-02,
            "sweep"     :[   0.000000E+00,   0.000000E+00]                           ,
            "feval"     :[   0.648499E-04,   0.261068E-03]                           ,
            "fcomp"     :[   0.000000E+00,   0.000000E+00]                           ,
            "residual"  :[   0.000000E+00,   0.000000E+00]                           ,
            "interp"    :[   0.000000E+00,   0.000000E+00]                           ,
            "restrict"  :[   0.000000E+00,   0.000000E+00]                           ,
            "broadcast" :[   0.662804E-03,   0.000000E+00]                           ,
            "receive"   :[   0.000000E+00,   0.000000E+00]                           ,
            "send"      :[   0.000000E+00,   0.536442E-04]                           ,
            "wait"      :[   0.000000E+00,   0.228882E-04]                           ,
            "pack"      :[   0.000000E+00,   0.524521E-05]                           ,
            "unpack"    :[   0.000000E+00,   0.000000E+00]                           ,
            "hooks"     :[   0.193381E-02,   0.137448E-02]                           ,
            "aux"       :[   0.000000E+00,   0.000000E+00]                           ,
 "foo":"0"
 }
