 {
            "total"     :  0.363266E+00,
            "predictor" :  0.525236E-03,
            "block"     :  0.356662E+00,
            "iteration" :  0.355808E+00,
            "sweep"     :[   0.000000E+00,   0.000000E+00]                           ,
            "feval"     :[   0.882149E-04,   0.108004E-03]                           ,
            "fcomp"     :[   0.000000E+00,   0.000000E+00]                           ,
            "residual"  :[   0.000000E+00,   0.000000E+00]                           ,
            "interp"    :[   0.000000E+00,   0.000000E+00]                           ,
            "restrict"  :[   0.000000E+00,   0.000000E+00]                           ,
            "broadcast" :[   0.000000E+00,   0.000000E+00]                           ,
            "receive"   :[   0.000000E+00,   0.351739E+00]                           ,
            "send"      :[   0.000000E+00,   0.200272E-04]                           ,
            "wait"      :[   0.000000E+00,   0.312757E-02]                           ,
            "pack"      :[   0.000000E+00,   0.238419E-05]                           ,
            "unpack"    :[   0.000000E+00,   0.381470E-05]                           ,
            "hooks"     :[   0.729084E-03,   0.619245E-02]                           ,
            "aux"       :[   0.000000E+00,   0.000000E+00]                           ,
 "foo":"0"
 }
