 {
            "total"     :  0.263264E+00,
            "predictor" :  0.332117E-03,
            "block"     :  0.262879E+00,
            "iteration" :  0.262171E+00,
            "sweep"     :[   0.000000E+00,   0.000000E+00]                           ,
            "feval"     :[   0.545979E-04,   0.103235E-03]                           ,
            "fcomp"     :[   0.000000E+00,   0.000000E+00]                           ,
            "residual"  :[   0.000000E+00,   0.000000E+00]                           ,
            "interp"    :[   0.000000E+00,   0.000000E+00]                           ,
            "restrict"  :[   0.000000E+00,   0.000000E+00]                           ,
            "broadcast" :[   0.000000E+00,   0.000000E+00]                           ,
            "receive"   :[   0.000000E+00,   0.259935E+00]                           ,
            "send"      :[   0.000000E+00,   0.202656E-04]                           ,
            "wait"      :[   0.000000E+00,   0.379086E-04]                           ,
            "pack"      :[   0.000000E+00,   0.524521E-05]                           ,
            "unpack"    :[   0.000000E+00,   0.596046E-05]                           ,
            "hooks"     :[   0.463963E-03,   0.287771E-03]                           ,
            "aux"       :[   0.000000E+00,   0.000000E+00]                           ,
 "foo":"0"
 }
