 {
            "total"     :  0.275379E+00,
            "predictor" :  0.615430E-02,
            "block"     :  0.274973E+00,
            "iteration" :  0.268546E+00,
            "sweep"     :[   0.000000E+00,   0.000000E+00]                           ,
            "feval"     :[   0.811338E-03,   0.541449E-03]                           ,
            "fcomp"     :[   0.000000E+00,   0.000000E+00]                           ,
            "residual"  :[   0.000000E+00,   0.000000E+00]                           ,
            "interp"    :[   0.000000E+00,   0.000000E+00]                           ,
            "restrict"  :[   0.000000E+00,   0.000000E+00]                           ,
            "broadcast" :[   0.000000E+00,   0.000000E+00]                           ,
            "receive"   :[   0.000000E+00,   0.267121E+00]                           ,
            "send"      :[   0.000000E+00,   0.929832E-05]                           ,
            "wait"      :[   0.000000E+00,   0.123978E-04]                           ,
            "pack"      :[   0.000000E+00,   0.262260E-05]                           ,
            "unpack"    :[   0.000000E+00,   0.405312E-05]                           ,
            "hooks"     :[   0.373363E-03,   0.297070E-03]                           ,
            "aux"       :[   0.000000E+00,   0.000000E+00]                           ,
 "foo":"0"
 }
