 {
            "total"     :  0.716901E-01,
            "predictor" :  0.112057E-03,
            "block"     :  0.698149E-01,
            "iteration" :  0.694249E-01,
            "sweep"     :[   0.000000E+00,   0.000000E+00]                           ,
            "feval"     :[   0.367165E-04,   0.113964E-03]                           ,
            "fcomp"     :[   0.000000E+00,   0.000000E+00]                           ,
            "residual"  :[   0.000000E+00,   0.000000E+00]                           ,
            "interp"    :[   0.000000E+00,   0.000000E+00]                           ,
            "restrict"  :[   0.000000E+00,   0.000000E+00]                           ,
            "broadcast" :[   0.000000E+00,   0.000000E+00]                           ,
            "receive"   :[   0.000000E+00,   0.397971E-01]                           ,
            "send"      :[   0.000000E+00,   0.321865E-04]                           ,
            "wait"      :[   0.000000E+00,   0.286369E-01]                           ,
            "pack"      :[   0.000000E+00,   0.429153E-05]                           ,
            "unpack"    :[   0.000000E+00,   0.548363E-05]                           ,
            "hooks"     :[   0.355959E-03,   0.178361E-02]                           ,
            "aux"       :[   0.000000E+00,   0.000000E+00]                           ,
 "foo":"0"
 }
