 {
            "total"     :  0.496478E-01,
            "predictor" :  0.886202E-03,
            "block"     :  0.466180E-01,
            "iteration" :  0.317245E-01,
            "sweep"     :[   0.000000E+00,   0.000000E+00]                           ,
            "feval"     :[   0.241756E-03,   0.164914E-02]                           ,
            "fcomp"     :[   0.000000E+00,   0.000000E+00]                           ,
            "residual"  :[   0.000000E+00,   0.000000E+00]                           ,
            "interp"    :[   0.000000E+00,   0.000000E+00]                           ,
            "restrict"  :[   0.000000E+00,   0.000000E+00]                           ,
            "broadcast" :[   0.531673E-04,   0.000000E+00]                           ,
            "receive"   :[   0.000000E+00,   0.944734E-02]                           ,
            "send"      :[   0.000000E+00,   0.567436E-04]                           ,
            "wait"      :[   0.000000E+00,   0.287533E-03]                           ,
            "pack"      :[   0.000000E+00,   0.286102E-04]                           ,
            "unpack"    :[   0.000000E+00,   0.286102E-04]                           ,
            "hooks"     :[   0.294328E-02,   0.174356E-02]                           ,
            "aux"       :[   0.000000E+00,   0.000000E+00]                           ,
 "foo":"0"
 }
