 {
            "total"     :  0.493919E+02,
            "predictor" :  0.699138E+01,
            "block"     :  0.464982E+02,
            "iteration" :  0.265041E+02,
            "sweep"     :[   0.000000E+00,   0.000000E+00]                           ,
            "feval"     :[   0.783253E+01,   0.175016E+02]                           ,
            "fcomp"     :[   0.000000E+00,   0.000000E+00]                           ,
            "residual"  :[   0.000000E+00,   0.000000E+00]                           ,
            "interp"    :[   0.000000E+00,   0.000000E+00]                           ,
            "restrict"  :[   0.000000E+00,   0.000000E+00]                           ,
            "broadcast" :[   0.161572E+00,   0.000000E+00]                           ,
            "receive"   :[   0.000000E+00,   0.506542E+01]                           ,
            "send"      :[   0.000000E+00,   0.621033E-02]                           ,
            "wait"      :[   0.000000E+00,   0.318980E-02]                           ,
            "pack"      :[   0.000000E+00,   0.103307E-01]                           ,
            "unpack"    :[   0.000000E+00,   0.105190E-01]                           ,
            "hooks"     :[   0.222581E+01,   0.217613E+01]                           ,
            "aux"       :[   0.000000E+00,   0.000000E+00]                           ,
 "foo":"0"
 }
