 {
            "total"     :  0.369549E-02,
            "predictor" :  0.429153E-04,
            "block"     :  0.541687E-03,
            "iteration" :  0.275850E-03,
            "sweep"     :[   0.000000E+00,   0.000000E+00]                           ,
            "feval"     :[   0.109673E-04,   0.364780E-04]                           ,
            "fcomp"     :[   0.000000E+00,   0.000000E+00]                           ,
            "residual"  :[   0.000000E+00,   0.000000E+00]                           ,
            "interp"    :[   0.000000E+00,   0.000000E+00]                           ,
            "restrict"  :[   0.000000E+00,   0.000000E+00]                           ,
            "broadcast" :[   0.000000E+00,   0.000000E+00]                           ,
            "receive"   :[   0.000000E+00,   0.000000E+00]                           ,
            "send"      :[   0.000000E+00,   0.810623E-05]                           ,
            "wait"      :[   0.000000E+00,   0.100136E-04]                           ,
            "pack"      :[   0.000000E+00,   0.953674E-06]                           ,
            "unpack"    :[   0.000000E+00,   0.000000E+00]                           ,
            "hooks"     :[   0.250340E-03,   0.146389E-03]                           ,
            "aux"       :[   0.000000E+00,   0.000000E+00]                           ,
 "foo":"0"
 }
