 {
            "total"     :  0.344452E+00,
            "predictor" :  0.403166E-03,
            "block"     :  0.343967E+00,
            "iteration" :  0.343255E+00,
            "sweep"     :[   0.000000E+00,   0.000000E+00]                           ,
            "feval"     :[   0.691414E-04,   0.110865E-03]                           ,
            "fcomp"     :[   0.000000E+00,   0.000000E+00]                           ,
            "residual"  :[   0.000000E+00,   0.000000E+00]                           ,
            "interp"    :[   0.000000E+00,   0.000000E+00]                           ,
            "restrict"  :[   0.000000E+00,   0.000000E+00]                           ,
            "broadcast" :[   0.000000E+00,   0.000000E+00]                           ,
            "receive"   :[   0.000000E+00,   0.342353E+00]                           ,
            "send"      :[   0.000000E+00,   0.116825E-04]                           ,
            "wait"      :[   0.000000E+00,   0.929832E-05]                           ,
            "pack"      :[   0.000000E+00,   0.286102E-05]                           ,
            "unpack"    :[   0.000000E+00,   0.309944E-05]                           ,
            "hooks"     :[   0.426054E-03,   0.348091E-03]                           ,
            "aux"       :[   0.000000E+00,   0.000000E+00]                           ,
 "foo":"0"
 }
