 {
            "total"     :  0.359082E-01,
            "predictor" :  0.598431E-04,
            "block"     :  0.356433E-01,
            "iteration" :  0.353823E-01,
            "sweep"     :[   0.000000E+00,   0.000000E+00]                           ,
            "feval"     :[   0.162125E-04,   0.727177E-04]                           ,
            "fcomp"     :[   0.000000E+00,   0.000000E+00]                           ,
            "residual"  :[   0.000000E+00,   0.000000E+00]                           ,
            "interp"    :[   0.000000E+00,   0.000000E+00]                           ,
            "restrict"  :[   0.000000E+00,   0.000000E+00]                           ,
            "broadcast" :[   0.000000E+00,   0.000000E+00]                           ,
            "receive"   :[   0.000000E+00,   0.355244E-04]                           ,
            "send"      :[   0.000000E+00,   0.185966E-04]                           ,
            "wait"      :[   0.000000E+00,   0.347590E-01]                           ,
            "pack"      :[   0.000000E+00,   0.238419E-05]                           ,
            "unpack"    :[   0.000000E+00,   0.166893E-05]                           ,
            "hooks"     :[   0.265598E-03,   0.190020E-03]                           ,
            "aux"       :[   0.000000E+00,   0.000000E+00]                           ,
 "foo":"0"
 }
