 {
            "total"     :  0.281922E+00,
            "predictor" :  0.336409E-03,
            "block"     :  0.281461E+00,
            "iteration" :  0.280779E+00,
            "sweep"     :[   0.000000E+00,   0.000000E+00]                           ,
            "feval"     :[   0.591278E-04,   0.110865E-03]                           ,
            "fcomp"     :[   0.000000E+00,   0.000000E+00]                           ,
            "residual"  :[   0.000000E+00,   0.000000E+00]                           ,
            "interp"    :[   0.000000E+00,   0.000000E+00]                           ,
            "restrict"  :[   0.000000E+00,   0.000000E+00]                           ,
            "broadcast" :[   0.000000E+00,   0.000000E+00]                           ,
            "receive"   :[   0.000000E+00,   0.279855E+00]                           ,
            "send"      :[   0.000000E+00,   0.228882E-04]                           ,
            "wait"      :[   0.000000E+00,   0.140667E-04]                           ,
            "pack"      :[   0.000000E+00,   0.238419E-05]                           ,
            "unpack"    :[   0.000000E+00,   0.381470E-05]                           ,
            "hooks"     :[   0.458241E-03,   0.335455E-03]                           ,
            "aux"       :[   0.000000E+00,   0.000000E+00]                           ,
 "foo":"0"
 }
