 {
            "total"     :  0.506094E-01,
            "predictor" :  0.827312E-04,
            "block"     :  0.398245E-01,
            "iteration" :  0.320323E-01,
            "sweep"     :[   0.000000E+00,   0.000000E+00]                           ,
            "feval"     :[   0.240803E-04,   0.113726E-03]                           ,
            "fcomp"     :[   0.000000E+00,   0.000000E+00]                           ,
            "residual"  :[   0.000000E+00,   0.000000E+00]                           ,
            "interp"    :[   0.000000E+00,   0.000000E+00]                           ,
            "restrict"  :[   0.000000E+00,   0.000000E+00]                           ,
            "broadcast" :[   0.000000E+00,   0.000000E+00]                           ,
            "receive"   :[   0.000000E+00,   0.249858E-01]                           ,
            "send"      :[   0.000000E+00,   0.236034E-04]                           ,
            "wait"      :[   0.000000E+00,   0.293255E-04]                           ,
            "pack"      :[   0.000000E+00,   0.286102E-05]                           ,
            "unpack"    :[   0.000000E+00,   0.405312E-05]                           ,
            "hooks"     :[   0.107119E-01,   0.776887E-02]                           ,
            "aux"       :[   0.000000E+00,   0.000000E+00]                           ,
 "foo":"0"
 }
